クリエイティブ短縮名,creative_type_ja,duration_sec,duration_category,配信日数,消化金額合計,インプレッション合計,リーチ合計,リンククリック合計,購入合計,全体CTR,全体CPC,全体CPM,CPA,日次平均消化,3秒視聴率,25%視聴率,50%視聴率,75%視聴率,95%視聴率,100%視聴率,hook_strength_score,primary_angle_ja,hook_technique_ja
フロリオ・コーチ,専門家実演型,48,長尺,4,17805,7897,7516,112.0,3.0,1.4182600987716854,158.97321428571428,2254.653665949095,5935.0,4451.25,41.28149930353299,9.02874509307332,4.697986577181208,3.0517918196783587,2.3173356971001646,2.0514119285804733,9.2,即効性×科学的根拠,失敗実演→成功比較
鈴木啓太,著名人実演型,50,長尺,14,175347,96141,89612,2114.0,19.0,2.198853766863253,82.94560075685904,1823.8524666895496,9228.78947368421,12524.785714285714,40.05783172631864,12.84259577079498,10.704070063760518,7.616937622866415,6.215870440290823,5.472171082056563,9.5,権威性×社会的証明,クライマックス先行
疑い深い親子,画面分割比較型,12,短尺,4,18524,9395,8481,91.0,1.0,0.9686003193187864,203.56043956043956,1971.6870675891432,18524.0,4631.0,36.44491750931346,32.90047897817988,15.093134646088345,9.664715274081958,7.131452900478978,6.886641830761044,8.8,疑念払拭×親子体験,ネガティブフック（疑い）
純粋無垢な少年,画面分割・複数事例型,19,短尺,4,18503,7144,6349,68.0,1.0,0.9518477043673012,272.1029411764706,2590.005599104143,18503.0,4625.75,30.30515117581187,15.061590145576709,6.956886898096306,3.98936170212766,2.8695408734602466,2.7855543113101904,8.7,純粋さ×再現性,被験者ラベリング（純粋無垢）
